,Age,Department,DistanceFromHome
0,41,Sales,1
1,49,Research & Development,8
2,37,Research & Development,2
3,33,Research & Development,3
4,27,Research & Development,2
5,32,Research & Development,2
6,59,Research & Development,3
7,30,Research & Development,24
8,38,Research & Development,23
9,36,Research & Development,27
10,35,Research & Development,16
11,29,Research & Development,15
12,31,Research & Development,26
13,34,Research & Development,19
14,28,Research & Development,24
15,29,Research & Development,21
16,32,Research & Development,5
17,22,Research & Development,16
18,53,Sales,2
19,38,Research & Development,2
20,24,Research & Development,11
21,36,Sales,9
22,34,Research & Development,7
23,21,Research & Development,15
24,34,Research & Development,6
25,53,Research & Development,5
26,32,Research & Development,16
27,42,Sales,8
28,44,Research & Development,7
29,46,Sales,2
30,33,Research & Development,2
31,44,Research & Development,10
32,30,Research & Development,9
33,39,Sales,5
34,24,Research & Development,1
35,43,Research & Development,2
36,50,Sales,3
37,35,Sales,2
38,36,Research & Development,5
39,33,Sales,1
40,35,Research & Development,4
41,27,Research & Development,2
42,26,Research & Development,25
43,27,Sales,8
44,30,Research & Development,1
45,41,Research & Development,12
46,34,Sales,23
47,37,Research & Development,19
48,46,Sales,5
49,35,Research & Development,8
50,48,Research & Development,1
51,28,Research & Development,5
52,44,Sales,1
53,35,Research & Development,11
54,26,Sales,23
55,33,Research & Development,1
56,35,Sales,18
57,35,Research & Development,23
58,31,Research & Development,7
59,37,Research & Development,1
60,32,Research & Development,1
61,38,Research & Development,29
62,50,Research & Development,7
63,59,Sales,25
64,36,Research & Development,8
65,55,Research & Development,8
66,36,Research & Development,11
67,45,Research & Development,7
68,35,Research & Development,1
69,36,Research & Development,9
70,59,Sales,1
71,29,Research & Development,2
72,31,Research & Development,1
73,32,Research & Development,1
74,36,Research & Development,6
75,31,Research & Development,8
76,35,Sales,1
77,45,Research & Development,6
78,37,Research & Development,7
79,46,Human Resources,5
80,30,Research & Development,1
81,35,Research & Development,1
82,55,Sales,1
83,38,Research & Development,6
84,34,Research & Development,1
85,56,Research & Development,7
86,23,Sales,2
87,51,Research & Development,9
88,30,Research & Development,2
89,46,Sales,9
90,40,Research & Development,1
91,51,Sales,21
92,30,Sales,4
93,46,Research & Development,1
94,32,Sales,6
95,54,Research & Development,2
96,24,Sales,3
97,28,Sales,4
98,58,Sales,10
99,44,Research & Development,23
100,37,Human Resources,6
101,32,Research & Development,1
102,20,Research & Development,6
103,34,Research & Development,6
104,37,Research & Development,2
105,59,Human Resources,2
106,50,Research & Development,1
107,25,Sales,5
108,25,Research & Development,7
109,22,Research & Development,15
110,51,Research & Development,1
111,34,Research & Development,7
112,54,Human Resources,26
113,24,Research & Development,18
114,34,Research & Development,6
115,37,Sales,3
116,34,Research & Development,5
117,36,Sales,11
118,36,Research & Development,3
119,43,Sales,26
120,30,Research & Development,23
121,33,Sales,22
122,56,Research & Development,14
123,51,Research & Development,6
124,31,Sales,6
125,26,Research & Development,6
126,58,Research & Development,23
127,19,Sales,22
128,22,Research & Development,2
129,49,Research & Development,20
130,43,Research & Development,28
131,50,Sales,12
132,31,Sales,20
133,41,Sales,9
134,26,Human Resources,25
135,36,Research & Development,6
136,51,Research & Development,8
137,39,Sales,4
138,25,Sales,28
139,30,Human Resources,9
140,32,Research & Development,9
141,45,Research & Development,29
142,38,Research & Development,3
143,30,Research & Development,18
144,32,Sales,9
145,30,Research & Development,5
146,30,Research & Development,2
147,41,Research & Development,10
148,41,Research & Development,9
149,19,Research & Development,3
150,40,Research & Development,26
151,35,Sales,1
152,53,Sales,6
153,45,Research & Development,9
154,32,Sales,8
155,29,Research & Development,1
156,51,Research & Development,7
157,58,Research & Development,9
158,40,Sales,4
159,34,Sales,2
160,22,Research & Development,19
161,27,Research & Development,9
162,28,Research & Development,21
163,57,Research & Development,24
164,27,Research & Development,3
165,50,Research & Development,11
166,41,Research & Development,14
167,30,Sales,5
168,38,Sales,1
169,32,Research & Development,6
170,27,Research & Development,17
171,19,Sales,1
172,36,Research & Development,3
173,30,Research & Development,9
174,45,Sales,4
175,56,Research & Development,8
176,33,Research & Development,2
177,19,Research & Development,2
178,46,Sales,1
179,38,Research & Development,9
180,31,Research & Development,12
181,34,Research & Development,27
182,41,Sales,20
183,50,Research & Development,1
184,53,Research & Development,13
185,33,Research & Development,14
186,40,Research & Development,4
187,55,Research & Development,14
188,34,Research & Development,2
189,51,Research & Development,3
190,52,Research & Development,1
191,27,Research & Development,9
192,35,Research & Development,23
193,43,Research & Development,7
194,45,Research & Development,2
195,37,Research & Development,21
196,35,Research & Development,2
197,42,Research & Development,21
198,38,Research & Development,2
199,38,Research & Development,29
200,27,Research & Development,1
201,49,Research & Development,18
202,34,Research & Development,10
203,40,Research & Development,19
204,38,Research & Development,29
205,29,Sales,27
206,22,Research & Development,5
207,36,Research & Development,18
208,40,Research & Development,9
209,46,Research & Development,1
210,32,Sales,4
211,30,Research & Development,1
212,27,Sales,20
213,51,Research & Development,8
214,30,Research & Development,3
215,41,Sales,6
216,30,Sales,26
217,29,Research & Development,1
218,45,Sales,6
219,54,Sales,3
220,36,Research & Development,5
221,33,Research & Development,4
222,37,Research & Development,11
223,38,Sales,3
224,31,Research & Development,1
225,59,Research & Development,3
226,37,Sales,4
227,29,Sales,1
228,35,Sales,1
229,29,Research & Development,18
230,52,Research & Development,2
231,42,Research & Development,4
232,59,Human Resources,6
233,50,Sales,1
234,33,Research & Development,14
235,43,Sales,16
236,33,Research & Development,2
237,52,Sales,2
238,32,Sales,4
239,32,Research & Development,1
240,39,Research & Development,1
241,32,Sales,26
242,41,Research & Development,19
243,40,Research & Development,24
244,45,Research & Development,1
245,31,Research & Development,3
246,33,Research & Development,5
247,34,Research & Development,2
248,37,Research & Development,1
249,45,Research & Development,7
250,37,Research & Development,10
251,39,Research & Development,2
252,29,Research & Development,15
253,42,Research & Development,17
254,29,Sales,20
255,25,Research & Development,1
256,42,Research & Development,2
257,40,Research & Development,2
258,51,Research & Development,1
259,31,Research & Development,29
260,32,Research & Development,7
261,38,Sales,2
262,32,Research & Development,2
263,46,Sales,2
264,28,Research & Development,2
265,29,Sales,2
266,31,Research & Development,23
267,25,Research & Development,5
268,45,Research & Development,20
269,36,Research & Development,6
270,55,Research & Development,1
271,47,Research & Development,29
272,28,Research & Development,9
273,37,Sales,6
274,21,Research & Development,3
275,37,Research & Development,1
276,35,Research & Development,22
277,38,Sales,7
278,26,Research & Development,1
279,50,Research & Development,4
280,53,Research & Development,3
281,42,Sales,1
282,29,Sales,2
283,55,Research & Development,20
284,26,Research & Development,11
285,37,Research & Development,1
286,44,Research & Development,24
287,38,Research & Development,23
288,26,Research & Development,16
289,28,Research & Development,8
290,49,Research & Development,10
291,36,Research & Development,3
292,31,Sales,5
293,26,Sales,4
294,37,Research & Development,9
295,42,Sales,26
296,18,Research & Development,3
297,35,Sales,16
298,36,Research & Development,18
299,51,Research & Development,2
300,41,Sales,2
301,18,Sales,10
302,28,Research & Development,16
303,31,Sales,7
304,39,Research & Development,1
305,36,Research & Development,24
306,32,Sales,7
307,38,Research & Development,25
308,58,Research & Development,1
309,31,Research & Development,5
310,31,Human Resources,2
311,45,Research & Development,7
312,31,Research & Development,2
313,33,Research & Development,5
314,39,Research & Development,10
315,43,Research & Development,10
316,49,Research & Development,1
317,52,Research & Development,8
318,27,Research & Development,5
319,32,Sales,8
320,27,Sales,2
321,31,Sales,7
322,32,Research & Development,2
323,28,Research & Development,2
324,30,Research & Development,28
325,31,Research & Development,7
326,39,Research & Development,7
327,39,Sales,3
328,33,Sales,10
329,47,Research & Development,5
330,43,Research & Development,10
331,27,Sales,1
332,54,Research & Development,20
333,43,Research & Development,7
334,45,Research & Development,8
335,40,Sales,1
336,29,Research & Development,8
337,29,Research & Development,9
338,30,Sales,5
339,27,Sales,8
340,37,Research & Development,5
341,38,Research & Development,15
342,31,Research & Development,7
343,29,Sales,10
344,35,Research & Development,5
345,23,Research & Development,26
346,41,Research & Development,6
347,47,Sales,4
348,42,Research & Development,23
349,29,Sales,2
350,42,Human Resources,2
351,32,Research & Development,2
352,48,Sales,29
353,37,Research & Development,6
354,30,Sales,25
355,26,Sales,1
356,42,Research & Development,2
357,21,Sales,1
358,36,Sales,1
359,36,Sales,3
360,57,Research & Development,1
361,40,Research & Development,10
362,21,Sales,9
363,33,Sales,5
364,37,Research & Development,10
365,46,Research & Development,7
366,41,Sales,4
367,50,Research & Development,10
368,40,Sales,22
369,31,Research & Development,9
370,21,Sales,12
371,29,Research & Development,23
372,35,Research & Development,9
373,27,Research & Development,1
374,28,Sales,9
375,49,Research & Development,7
376,51,Sales,14
377,36,Research & Development,2
378,34,Sales,19
379,55,Research & Development,2
380,24,Sales,10
381,30,Sales,2
382,26,Research & Development,3
383,22,Research & Development,11
384,36,Sales,2
385,30,Research & Development,4
386,37,Research & Development,14
387,40,Sales,2
388,42,Research & Development,1
389,37,Research & Development,10
390,43,Research & Development,12
391,40,Research & Development,2
392,54,Research & Development,5
393,34,Sales,4
394,31,Research & Development,7
395,43,Research & Development,21
396,43,Research & Development,8
397,25,Sales,4
398,37,Research & Development,25
399,31,Research & Development,1
400,39,Research & Development,1
401,56,Sales,6
402,30,Sales,12
403,41,Sales,1
404,28,Research & Development,17
405,25,Research & Development,3
406,52,Research & Development,3
407,45,Research & Development,10
408,52,Research & Development,4
409,42,Research & Development,29
410,30,Research & Development,2
411,60,Research & Development,7
412,46,Research & Development,18
413,42,Research & Development,28
414,24,Sales,1
415,34,Sales,6
416,38,Research & Development,2
417,40,Sales,2
418,26,Research & Development,23
419,30,Research & Development,3
420,29,Research & Development,3
421,29,Research & Development,25
422,19,Human Resources,2
423,30,Sales,22
424,57,Sales,29
425,50,Research & Development,29
426,30,Research & Development,2
427,60,Sales,28
428,47,Research & Development,2
429,46,Research & Development,2
430,35,Research & Development,22
431,54,Research & Development,8
432,34,Research & Development,2
433,46,Sales,10
434,31,Research & Development,9
435,33,Research & Development,15
436,33,Research & Development,10
437,30,Sales,7
438,35,Research & Development,16
439,31,Research & Development,20
440,34,Human Resources,23
441,42,Research & Development,5
442,36,Sales,10
443,22,Research & Development,4
444,48,Sales,2
445,55,Sales,18
446,41,Sales,10
447,35,Sales,1
448,40,Research & Development,6
449,39,Research & Development,8
450,31,Sales,2
451,42,Research & Development,24
452,45,Sales,2
453,26,Human Resources,17
454,29,Research & Development,19
455,33,Research & Development,1
456,31,Sales,7
457,18,Sales,5
458,40,Sales,28
459,41,Research & Development,2
460,26,Sales,29
461,35,Sales,1
462,34,Sales,21
463,26,Research & Development,24
464,37,Research & Development,1
465,46,Research & Development,18
466,41,Sales,2
467,37,Sales,9
468,52,Research & Development,6
469,32,Sales,11
470,24,Sales,24
471,38,Research & Development,10
472,37,Research & Development,1
473,49,Research & Development,18
474,24,Research & Development,23
475,26,Sales,28
476,24,Research & Development,17
477,50,Human Resources,3
478,25,Sales,13
479,24,Research & Development,7
480,30,Sales,12
481,34,Research & Development,1
482,31,Sales,13
483,35,Research & Development,25
484,31,Sales,6
485,27,Research & Development,6
486,37,Sales,2
487,20,Research & Development,1
488,42,Research & Development,2
489,43,Research & Development,6
490,38,Research & Development,1
491,43,Research & Development,9
492,48,Research & Development,1
493,44,Human Resources,1
494,34,Sales,14
495,27,Sales,2
496,21,Sales,22
497,44,Research & Development,3
498,22,Research & Development,6
499,33,Sales,8
500,32,Research & Development,9
501,30,Research & Development,3
502,53,Sales,1
503,34,Research & Development,1
504,45,Sales,26
505,26,Research & Development,6
506,37,Research & Development,3
507,29,Sales,3
508,35,Research & Development,6
509,33,Research & Development,6
510,54,Human Resources,19
511,36,Research & Development,9
512,27,Research & Development,3
513,20,Research & Development,10
514,33,Research & Development,3
515,35,Research & Development,3
516,23,Research & Development,4
517,25,Sales,8
518,38,Sales,7
519,29,Research & Development,1
520,48,Sales,2
521,27,Sales,3
522,37,Research & Development,10
523,50,Research & Development,28
524,34,Research & Development,9
525,24,Sales,3
526,39,Research & Development,2
527,32,Sales,10
528,50,Sales,8
529,38,Research & Development,1
530,27,Research & Development,1
531,32,Research & Development,3
532,47,Sales,14
533,40,Sales,5
534,53,Research & Development,7
535,41,Human Resources,10
536,60,Sales,16
537,27,Research & Development,10
538,41,Human Resources,1
539,50,Sales,8
540,28,Research & Development,1
541,36,Research & Development,8
542,38,Research & Development,1
543,44,Research & Development,24
544,47,Sales,3
545,30,Sales,27
546,29,Sales,10
547,42,Research & Development,19
548,43,Sales,15
549,34,Research & Development,8
550,23,Research & Development,9
551,39,Human Resources,3
552,56,Research & Development,9
553,40,Research & Development,2
554,27,Research & Development,7
555,29,Sales,10
556,53,Research & Development,6
557,35,Research & Development,2
558,32,Research & Development,24
559,38,Research & Development,2
560,34,Research & Development,8
561,52,Sales,3
562,33,Research & Development,1
563,25,Sales,26
564,45,Sales,2
565,23,Research & Development,10
566,47,Sales,27
567,34,Sales,2
568,55,Research & Development,2
569,36,Sales,8
570,52,Research & Development,19
571,26,Research & Development,1
572,29,Research & Development,27
573,26,Sales,8
574,34,Research & Development,1
575,54,Research & Development,19
576,27,Sales,8
577,37,Research & Development,10
578,38,Research & Development,2
579,34,Research & Development,2
580,35,Sales,8
581,30,Research & Development,1
582,40,Research & Development,2
583,34,Sales,8
584,42,Research & Development,8
585,23,Research & Development,6
586,24,Research & Development,9
587,52,Research & Development,11
588,50,Research & Development,2
589,29,Research & Development,1
590,33,Research & Development,7
591,33,Sales,16
592,47,Research & Development,2
593,36,Research & Development,1
594,29,Research & Development,23
595,58,Research & Development,2
596,35,Research & Development,1
597,42,Research & Development,1
598,28,Research & Development,2
599,36,Human Resources,13
600,32,Research & Development,4
601,40,Research & Development,16
602,30,Research & Development,2
603,45,Research & Development,2
604,42,Research & Development,29
605,38,Research & Development,12
606,34,Research & Development,16
607,49,Sales,11
608,55,Sales,2
609,43,Research & Development,14
610,27,Research & Development,5
611,35,Research & Development,7
612,28,Sales,2
613,34,Human Resources,3
614,26,Research & Development,5
615,27,Research & Development,3
616,51,Sales,26
617,44,Research & Development,4
618,25,Research & Development,2
619,33,Sales,1
620,35,Research & Development,27
621,36,Sales,1
622,32,Sales,13
623,30,Research & Development,5
624,53,Sales,7
625,45,Sales,9
626,32,Research & Development,8
627,52,Research & Development,25
628,37,Sales,16
629,28,Human Resources,8
630,22,Research & Development,1
631,44,Research & Development,8
632,42,Research & Development,2
633,36,Human Resources,8
634,25,Sales,3
635,35,Research & Development,9
636,35,Research & Development,25
637,32,Research & Development,1
638,25,Sales,4
639,49,Research & Development,1
640,24,Research & Development,4
641,32,Sales,5
642,38,Sales,9
643,42,Research & Development,3
644,31,Research & Development,11
645,29,Sales,1
646,53,Sales,8
647,35,Research & Development,25
648,37,Sales,21
649,53,Research & Development,23
650,43,Research & Development,1
651,47,Sales,2
652,37,Sales,19
653,50,Research & Development,2
654,39,Human Resources,2
655,33,Human Resources,3
656,32,Research & Development,25
657,29,Research & Development,7
658,44,Research & Development,9
659,28,Sales,5
660,58,Research & Development,2
661,43,Research & Development,8
662,20,Sales,2
663,21,Research & Development,18
664,36,Research & Development,14
665,47,Sales,2
666,22,Research & Development,3
667,41,Research & Development,2
668,28,Research & Development,9
669,39,Research & Development,6
670,27,Research & Development,4
671,34,Research & Development,10
672,42,Sales,14
673,33,Research & Development,1
674,58,Research & Development,5
675,31,Sales,7
676,35,Research & Development,21
677,49,Research & Development,8
678,48,Research & Development,20
679,31,Sales,20
680,36,Research & Development,7
681,38,Research & Development,1
682,32,Research & Development,1
683,25,Sales,19
684,40,Sales,10
685,26,Sales,1
686,41,Research & Development,6
687,36,Research & Development,2
688,19,Sales,21
689,20,Research & Development,4
690,31,Research & Development,12
691,40,Research & Development,9
692,32,Research & Development,3
693,36,Sales,3
694,33,Research & Development,1
695,37,Sales,1
696,45,Research & Development,4
697,29,Sales,20
698,35,Sales,18
699,52,Research & Development,1
700,58,Research & Development,2
701,53,Sales,2
702,30,Sales,8
703,38,Sales,10
704,35,Sales,3
705,39,Sales,2
706,40,Sales,24
707,47,Research & Development,16
708,36,Sales,8
709,31,Research & Development,9
710,33,Sales,17
711,29,Research & Development,10
712,33,Research & Development,13
713,45,Research & Development,1
714,50,Research & Development,1
715,33,Research & Development,1
716,41,Research & Development,9
717,27,Research & Development,16
718,45,Research & Development,23
719,47,Sales,4
720,30,Research & Development,22
721,50,Research & Development,24
722,38,Research & Development,10
723,46,Research & Development,7
724,24,Research & Development,17
725,35,Research & Development,14
726,31,Research & Development,1
727,18,Research & Development,5
728,54,Research & Development,17
729,35,Research & Development,25
730,30,Research & Development,8
731,20,Research & Development,11
732,30,Research & Development,5
733,26,Research & Development,2
734,22,Research & Development,8
735,48,Research & Development,6
736,48,Research & Development,4
737,41,Research & Development,7
738,39,Research & Development,1
739,27,Research & Development,2
740,35,Research & Development,10
741,42,Sales,5
742,50,Research & Development,9
743,59,Research & Development,2
744,37,Research & Development,11
745,55,Research & Development,18
746,41,Research & Development,7
747,38,Sales,3
748,26,Sales,29
749,52,Sales,2
750,44,Sales,28
751,50,Sales,1
752,36,Research & Development,16
753,39,Research & Development,22
754,33,Sales,8
755,45,Sales,11
756,32,Research & Development,29
757,34,Sales,1
758,59,Sales,1
759,45,Human Resources,24
760,53,Sales,2
761,36,Research & Development,15
762,26,Research & Development,2
763,34,Sales,10
764,28,Sales,10
765,38,Research & Development,3
766,50,Research & Development,2
767,37,Research & Development,3
768,40,Sales,26
769,26,Research & Development,1
770,46,Research & Development,1
771,54,Sales,2
772,56,Research & Development,9
773,36,Research & Development,12
774,55,Research & Development,2
775,43,Sales,25
776,20,Sales,9
777,21,Research & Development,10
778,46,Research & Development,8
779,51,Research & Development,4
780,28,Research & Development,24
781,26,Research & Development,1
782,30,Research & Development,20
783,41,Research & Development,7
784,38,Research & Development,17
785,40,Research & Development,20
786,27,Research & Development,8
787,55,Research & Development,2
788,28,Research & Development,10
789,44,Human Resources,1
790,33,Research & Development,5
791,35,Sales,4
792,33,Research & Development,29
793,28,Research & Development,15
794,34,Research & Development,3
795,37,Sales,10
796,25,Research & Development,4
797,26,Research & Development,21
798,33,Research & Development,25
799,42,Research & Development,2
800,28,Research & Development,1
801,50,Sales,1
802,33,Sales,7
803,34,Research & Development,3
804,48,Research & Development,1
805,45,Sales,9
806,52,Research & Development,7
807,38,Sales,10
808,29,Research & Development,28
809,28,Research & Development,3
810,46,Sales,3
811,38,Sales,2
812,43,Research & Development,27
813,39,Research & Development,2
814,40,Research & Development,14
815,21,Research & Development,1
816,39,Research & Development,9
817,36,Research & Development,18
818,31,Sales,20
819,28,Research & Development,2
820,35,Sales,11
821,49,Sales,8
822,34,Research & Development,2
823,29,Research & Development,10
824,42,Research & Development,29
825,29,Research & Development,8
826,38,Human Resources,1
827,28,Research & Development,6
828,18,Research & Development,8
829,33,Sales,9
830,41,Research & Development,12
831,31,Research & Development,15
832,37,Research & Development,25
833,27,Research & Development,6
834,34,Sales,9
835,35,Human Resources,8
836,29,Sales,23
837,40,Research & Development,9
838,42,Sales,12
839,42,Sales,4
840,35,Research & Development,1
841,24,Research & Development,24
842,28,Research & Development,12
843,26,Research & Development,3
844,30,Sales,10
845,40,Research & Development,26
846,35,Research & Development,2
847,34,Research & Development,1
848,35,Research & Development,4
849,43,Sales,9
850,32,Sales,2
851,56,Research & Development,4
852,29,Research & Development,6
853,19,Research & Development,9
854,45,Research & Development,7
855,37,Research & Development,1
856,20,Research & Development,3
857,44,Research & Development,10
858,53,Research & Development,7
859,29,Research & Development,15
860,22,Research & Development,3
861,46,Sales,2
862,44,Research & Development,17
863,33,Human Resources,2
864,41,Research & Development,5
865,30,Sales,29
866,40,Sales,2
867,50,Research & Development,2
868,28,Research & Development,19
869,46,Research & Development,15
870,35,Sales,17
871,24,Research & Development,17
872,33,Sales,25
873,36,Research & Development,6
874,30,Research & Development,7
875,44,Research & Development,29
876,20,Sales,21
877,46,Research & Development,2
878,42,Human Resources,2
879,60,Sales,7
880,32,Research & Development,13
881,32,Research & Development,2
882,36,Research & Development,1
883,33,Research & Development,9
884,40,Sales,10
885,25,Sales,10
886,30,Research & Development,1
887,42,Research & Development,26
888,35,Sales,8
889,27,Research & Development,14
890,54,Research & Development,1
891,44,Research & Development,2
892,19,Research & Development,10
893,29,Research & Development,1
894,54,Research & Development,3
895,31,Research & Development,11
896,31,Research & Development,24
897,59,Sales,3
898,43,Research & Development,3
899,49,Research & Development,4
900,36,Research & Development,3
901,48,Research & Development,2
902,27,Research & Development,4
903,29,Research & Development,7
904,48,Research & Development,1
905,29,Research & Development,1
906,34,Research & Development,20
907,44,Sales,5
908,33,Sales,10
909,19,Research & Development,25
910,23,Research & Development,1
911,25,Sales,24
912,26,Research & Development,4
913,45,Sales,2
914,55,Research & Development,8
915,21,Research & Development,10
916,46,Sales,4
917,34,Sales,2
918,51,Sales,9
919,59,Research & Development,18
920,34,Research & Development,19
921,28,Research & Development,1
922,44,Research & Development,4
923,34,Human Resources,11
924,35,Research & Development,6
925,42,Research & Development,7
926,43,Sales,4
927,36,Research & Development,2
928,44,Research & Development,15
929,28,Research & Development,2
930,51,Research & Development,6
931,30,Research & Development,9
932,29,Research & Development,7
933,28,Research & Development,1
934,25,Research & Development,1
935,32,Sales,8
936,45,Research & Development,25
937,39,Research & Development,13
938,58,Research & Development,23
939,32,Research & Development,7
940,39,Research & Development,23
941,30,Research & Development,6
942,36,Research & Development,10
943,46,Human Resources,1
944,28,Research & Development,1
945,50,Research & Development,28
946,40,Sales,25
947,52,Sales,5
948,30,Research & Development,17
949,39,Research & Development,18
950,31,Sales,2
951,41,Sales,10
952,31,Sales,1
953,44,Research & Development,3
954,42,Research & Development,2
955,55,Research & Development,2
956,56,Human Resources,8
957,40,Research & Development,16
958,34,Research & Development,9
959,40,Research & Development,2
960,41,Sales,1
961,35,Research & Development,4
962,51,Human Resources,5
963,38,Sales,2
964,34,Sales,15
965,25,Research & Development,19
966,58,Research & Development,7
967,40,Research & Development,1
968,36,Sales,7
969,48,Research & Development,4
970,27,Sales,11
971,51,Research & Development,11
972,18,Research & Development,1
973,35,Research & Development,1
974,27,Sales,2
975,55,Sales,13
976,56,Research & Development,23
977,34,Research & Development,26
978,40,Research & Development,2
979,34,Research & Development,29
980,31,Sales,2
981,35,Sales,18
982,38,Research & Development,7
983,34,Research & Development,2
984,28,Sales,26
985,31,Research & Development,22
986,39,Sales,21
987,51,Sales,2
988,41,Research & Development,22
989,37,Research & Development,4
990,33,Sales,5
991,32,Sales,2
992,39,Research & Development,25
993,25,Sales,18
994,52,Research & Development,28
995,43,Research & Development,6
996,27,Sales,10
997,27,Research & Development,17
998,26,Research & Development,2
999,42,Human Resources,10
1000,52,Research & Development,8
1001,37,Research & Development,11
1002,35,Research & Development,18
1003,25,Research & Development,1
1004,26,Research & Development,7
1005,29,Human Resources,17
1006,49,Research & Development,28
1007,29,Research & Development,14
1008,54,Research & Development,1
1009,58,Research & Development,1
1010,55,Research & Development,1
1011,36,Sales,3
1012,31,Sales,1
1013,30,Sales,7
1014,31,Research & Development,8
1015,34,Research & Development,1
1016,31,Research & Development,8
1017,27,Research & Development,11
1018,36,Research & Development,4
1019,36,Sales,16
1020,47,Research & Development,1
1021,25,Sales,9
1022,37,Research & Development,5
1023,56,Research & Development,1
1024,47,Research & Development,2
1025,24,Sales,4
1026,32,Sales,7
1027,34,Research & Development,1
1028,41,Research & Development,5
1029,40,Research & Development,9
1030,31,Sales,8
1031,46,Sales,9
1032,39,Research & Development,2
1033,31,Research & Development,1
1034,45,Research & Development,20
1035,31,Human Resources,8
1036,31,Research & Development,2
1037,45,Research & Development,29
1038,48,Sales,7
1039,34,Human Resources,9
1040,40,Research & Development,8
1041,28,Sales,5
1042,44,Research & Development,5
1043,53,Research & Development,2
1044,49,Research & Development,5
1045,40,Research & Development,2
1046,44,Research & Development,20
1047,33,Sales,7
1048,34,Sales,3
1049,30,Sales,16
1050,42,Research & Development,9
1051,44,Sales,1
1052,30,Research & Development,7
1053,57,Research & Development,1
1054,49,Research & Development,7
1055,34,Research & Development,15
1056,28,Sales,1
1057,29,Sales,13
1058,34,Sales,24
1059,35,Sales,7
1060,24,Research & Development,9
1061,24,Sales,13
1062,44,Research & Development,2
1063,29,Sales,19
1064,30,Human Resources,1
1065,55,Research & Development,4
1066,33,Research & Development,4
1067,47,Sales,14
1068,28,Research & Development,2
1069,28,Research & Development,1
1070,28,Sales,7
1071,49,Research & Development,3
1072,29,Research & Development,2
1073,28,Research & Development,29
1074,33,Research & Development,8
1075,32,Research & Development,10
1076,54,Research & Development,11
1077,29,Research & Development,1
1078,44,Research & Development,28
1079,39,Research & Development,6
1080,46,Sales,3
1081,35,Research & Development,16
1082,23,Research & Development,20
1083,40,Research & Development,9
1084,34,Sales,1
1085,31,Research & Development,3
1086,50,Research & Development,22
1087,34,Sales,7
1088,42,Research & Development,2
1089,37,Research & Development,13
1090,29,Research & Development,8
1091,33,Research & Development,25
1092,45,Research & Development,28
1093,42,Research & Development,2
1094,40,Sales,9
1095,33,Research & Development,28
1096,40,Human Resources,6
1097,24,Research & Development,21
1098,40,Research & Development,8
1099,45,Research & Development,1
1100,35,Sales,28
1101,32,Research & Development,5
1102,36,Sales,2
1103,48,Sales,16
1104,29,Research & Development,9
1105,33,Sales,8
1106,30,Sales,1
1107,38,Human Resources,10
1108,35,Research & Development,1
1109,30,Sales,29
1110,35,Research & Development,2
1111,53,Research & Development,2
1112,38,Research & Development,2
1113,32,Research & Development,1
1114,48,Research & Development,15
1115,34,Research & Development,7
1116,55,Sales,26
1117,34,Research & Development,1
1118,26,Research & Development,3
1119,38,Sales,14
1120,38,Sales,16
1121,36,Sales,1
1122,29,Research & Development,3
1123,35,Research & Development,10
1124,39,Sales,6
1125,29,Research & Development,2
1126,50,Sales,9
1127,23,Research & Development,10
1128,36,Research & Development,6
1129,42,Research & Development,9
1130,35,Research & Development,28
1131,34,Research & Development,10
1132,40,Sales,14
1133,43,Research & Development,27
1134,35,Research & Development,7
1135,46,Sales,1
1136,28,Research & Development,24
1137,22,Research & Development,26
1138,50,Research & Development,20
1139,32,Research & Development,5
1140,44,Research & Development,7
1141,30,Research & Development,7
1142,45,Research & Development,5
1143,45,Sales,26
1144,31,Sales,2
1145,36,Research & Development,12
1146,34,Research & Development,10
1147,49,Research & Development,25
1148,39,Research & Development,10
1149,27,Research & Development,19
1150,35,Research & Development,18
1151,28,Research & Development,27
1152,21,Research & Development,5
1153,18,Sales,3
1154,47,Human Resources,26
1155,39,Research & Development,3
1156,40,Research & Development,15
1157,35,Research & Development,8
1158,37,Research & Development,19
1159,39,Research & Development,4
1160,45,Research & Development,2
1161,38,Research & Development,2
1162,35,Sales,10
1163,37,Research & Development,10
1164,40,Research & Development,16
1165,44,Human Resources,1
1166,48,Research & Development,4
1167,35,Sales,15
1168,24,Research & Development,2
1169,27,Research & Development,8
1170,27,Research & Development,2
1171,40,Research & Development,7
1172,29,Sales,10
1173,36,Research & Development,5
1174,25,Research & Development,2
1175,39,Research & Development,12
1176,49,Research & Development,22
1177,50,Research & Development,17
1178,20,Sales,2
1179,34,Research & Development,3
1180,36,Research & Development,7
1181,49,Research & Development,6
1182,36,Research & Development,1
1183,36,Research & Development,3
1184,54,Research & Development,22
1185,43,Research & Development,15
1186,35,Sales,12
1187,38,Research & Development,1
1188,29,Sales,5
1189,33,Sales,2
1190,32,Research & Development,2
1191,31,Sales,5
1192,49,Research & Development,16
1193,38,Research & Development,2
1194,47,Sales,2
1195,49,Research & Development,1
1196,41,Sales,23
1197,20,Sales,9
1198,33,Sales,16
1199,36,Research & Development,26
1200,44,Human Resources,1
1201,23,Research & Development,8
1202,38,Research & Development,4
1203,53,Research & Development,24
1204,48,Sales,7
1205,32,Research & Development,2
1206,26,Research & Development,7
1207,55,Research & Development,22
1208,34,Research & Development,5
1209,60,Research & Development,1
1210,33,Research & Development,21
1211,37,Sales,1
1212,34,Research & Development,19
1213,23,Sales,7
1214,44,Research & Development,2
1215,35,Research & Development,2
1216,43,Sales,2
1217,24,Research & Development,9
1218,41,Sales,6
1219,29,Research & Development,9
1220,36,Sales,2
1221,45,Research & Development,1
1222,24,Human Resources,22
1223,47,Sales,9
1224,26,Research & Development,17
1225,45,Research & Development,28
1226,32,Research & Development,10
1227,31,Research & Development,2
1228,41,Human Resources,4
1229,40,Research & Development,8
1230,24,Research & Development,29
1231,46,Research & Development,13
1232,35,Research & Development,27
1233,30,Research & Development,16
1234,47,Sales,2
1235,46,Sales,2
1236,36,Sales,13
1237,32,Sales,1
1238,23,Research & Development,4
1239,31,Research & Development,24
1240,39,Research & Development,1
1241,32,Sales,19
1242,40,Sales,7
1243,45,Human Resources,4
1244,30,Research & Development,2
1245,24,Human Resources,10
1246,30,Human Resources,8
1247,31,Sales,5
1248,27,Research & Development,8
1249,29,Sales,9
1250,29,Research & Development,1
1251,30,Sales,15
1252,34,Research & Development,2
1253,33,Sales,2
1254,49,Sales,11
1255,33,Sales,16
1256,38,Research & Development,2
1257,31,Sales,16
1258,29,Research & Development,4
1259,30,Research & Development,16
1260,32,Research & Development,5
1261,38,Research & Development,18
1262,43,Research & Development,17
1263,42,Research & Development,12
1264,55,Research & Development,2
1265,33,Research & Development,4
1266,41,Research & Development,9
1267,34,Sales,10
1268,53,Research & Development,1
1269,43,Human Resources,2
1270,34,Sales,3
1271,21,Sales,7
1272,38,Research & Development,6
1273,22,Research & Development,8
1274,31,Sales,29
1275,51,Research & Development,3
1276,37,Sales,9
1277,46,Research & Development,2
1278,36,Research & Development,10
1279,44,Research & Development,1
1280,37,Human Resources,8
1281,35,Sales,27
1282,33,Research & Development,8
1283,28,Research & Development,1
1284,39,Research & Development,10
1285,46,Sales,26
1286,40,Research & Development,2
1287,42,Research & Development,13
1288,35,Research & Development,2
1289,38,Human Resources,2
1290,34,Research & Development,9
1291,37,Research & Development,10
1292,39,Sales,20
1293,43,Research & Development,9
1294,41,Research & Development,5
1295,41,Sales,4
1296,30,Research & Development,10
1297,26,Human Resources,20
1298,46,Research & Development,21
1299,40,Research & Development,1
1300,34,Sales,8
1301,58,Sales,2
1302,35,Research & Development,23
1303,47,Research & Development,4
1304,40,Research & Development,12
1305,54,Research & Development,7
1306,31,Sales,7
1307,28,Research & Development,1
1308,38,Sales,2
1309,26,Sales,10
1310,58,Research & Development,15
1311,18,Research & Development,14
1312,31,Human Resources,18
1313,29,Human Resources,13
1314,45,Sales,2
1315,36,Research & Development,2
1316,43,Sales,2
1317,27,Research & Development,5
1318,29,Research & Development,20
1319,32,Sales,10
1320,42,Research & Development,10
1321,47,Research & Development,9
1322,46,Research & Development,2
1323,28,Human Resources,1
1324,29,Research & Development,29
1325,42,Research & Development,8
1326,32,Sales,2
1327,46,Sales,3
1328,27,Sales,23
1329,29,Human Resources,6
1330,43,Research & Development,6
1331,48,Research & Development,10
1332,29,Research & Development,24
1333,46,Sales,10
1334,27,Research & Development,15
1335,39,Research & Development,19
1336,55,Research & Development,2
1337,28,Sales,3
1338,30,Sales,9
1339,22,Research & Development,7
1340,36,Sales,10
1341,31,Research & Development,20
1342,34,Sales,4
1343,29,Research & Development,7
1344,37,Research & Development,7
1345,35,Research & Development,16
1346,45,Research & Development,25
1347,36,Human Resources,2
1348,40,Research & Development,1
1349,26,Research & Development,1
1350,27,Sales,2
1351,48,Research & Development,22
1352,44,Research & Development,1
1353,34,Research & Development,16
1354,56,Research & Development,24
1355,36,Sales,17
1356,41,Sales,8
1357,42,Research & Development,6
1358,31,Sales,10
1359,34,Sales,3
1360,31,Research & Development,4
1361,26,Research & Development,6
1362,45,Research & Development,1
1363,33,Sales,10
1364,28,Sales,1
1365,29,Sales,24
1366,39,Sales,21
1367,27,Research & Development,2
1368,34,Research & Development,22
1369,28,Sales,13
1370,47,Research & Development,14
1371,56,Sales,11
1372,39,Research & Development,9
1373,38,Research & Development,8
1374,58,Sales,21
1375,32,Research & Development,5
1376,38,Research & Development,9
1377,49,Research & Development,2
1378,42,Sales,12
1379,27,Human Resources,22
1380,35,Sales,18
1381,28,Research & Development,16
1382,31,Research & Development,3
1383,36,Research & Development,9
1384,34,Sales,1
1385,34,Sales,13
1386,26,Research & Development,1
1387,29,Research & Development,1
1388,32,Research & Development,15
1389,31,Research & Development,1
1390,28,Research & Development,17
1391,38,Sales,1
1392,35,Sales,7
1393,27,Sales,9
1394,32,Research & Development,5
1395,31,Sales,26
1396,53,Sales,24
1397,54,Research & Development,9
1398,33,Research & Development,7
1399,43,Research & Development,11
1400,38,Human Resources,1
1401,55,Human Resources,26
1402,31,Research & Development,2
1403,39,Sales,15
1404,42,Research & Development,23
1405,31,Research & Development,10
1406,54,Research & Development,10
1407,24,Research & Development,1
1408,23,Research & Development,12
1409,40,Research & Development,11
1410,40,Sales,2
1411,25,Human Resources,2
1412,30,Research & Development,1
1413,25,Research & Development,2
1414,47,Research & Development,25
1415,33,Research & Development,1
1416,38,Sales,1
1417,31,Sales,2
1418,38,Research & Development,6
1419,42,Research & Development,18
1420,41,Research & Development,1
1421,47,Research & Development,1
1422,35,Research & Development,11
1423,22,Research & Development,1
1424,35,Research & Development,9
1425,33,Research & Development,15
1426,32,Research & Development,29
1427,40,Research & Development,1
1428,32,Sales,1
1429,39,Research & Development,24
1430,38,Research & Development,10
1431,32,Sales,1
1432,37,Research & Development,10
1433,25,Sales,8
1434,52,Sales,29
1435,44,Research & Development,1
1436,21,Sales,5
1437,39,Research & Development,9
1438,23,Sales,9
1439,36,Sales,3
1440,36,Research & Development,4
1441,56,Research & Development,1
1442,29,Research & Development,1
1443,42,Research & Development,2
1444,56,Research & Development,7
1445,41,Research & Development,28
1446,34,Sales,28
1447,36,Sales,15
1448,41,Sales,3
1449,32,Research & Development,2
1450,35,Human Resources,26
1451,38,Sales,10
1452,50,Sales,1
1453,36,Sales,11
1454,45,Sales,20
1455,40,Research & Development,2
1456,35,Research & Development,18
1457,40,Research & Development,2
1458,35,Research & Development,1
1459,29,Research & Development,13
1460,29,Research & Development,28
1461,50,Sales,28
1462,39,Sales,24
1463,31,Research & Development,5
1464,26,Sales,5
1465,36,Research & Development,23
1466,39,Research & Development,6
1467,27,Research & Development,4
1468,49,Sales,2
1469,34,Research & Development,8
